from,layer,to
Now the Hardest Part: Making the Iran Deal Work,1,Deal Reached on Iran Nuclear Program; Limits on Fuel Would Lessen With Time
Britain to Put Commerce With China First in President Xi Jinping's State Visit,1,Magna Carta Exhibition in China Is Abruptly Moved From University
Britain to Put Commerce With China First in President Xi Jinping's State Visit,1,"In Courting Chinese Companies, Britain to Help Fund Planned Nuclear Plant"
Britain to Put Commerce With China First in President Xi Jinping's State Visit,1,"Ai Weiwei, in London for Exhibition, Softens Tone Toward Beijing"
Britain to Put Commerce With China First in President Xi Jinping's State Visit,1,Sinosphere Blog: An Artistic Reinterpretation of China’s ‘Century of Humiliation’
Migrants Diverted to Slovenia After Hungary Closes Border,1,Hungary Seals Border With Croatia in Migrant Crackdown
Migrants Diverted to Slovenia After Hungary Closes Border,1,Migrant Crisis Leads to Calls for Tighter Borders in Europe
India Writers Return Awards to Protest Government Silence on Violence,1,"With Return of Prize, India’s Literary Stars Protest Rising Intolerance"
India Writers Return Awards to Protest Government Silence on Violence,1,"Mob Attack, Fueled by Rumors of Cow Slaughter, Has Political Overtones in India"
India Writers Return Awards to Protest Government Silence on Violence,1,Mob in India Kills Muslim Man Over Rumors of Cow Slaughter
"Fearing Election Losses, Taiwan's Governing Party Drops Its Presidential Candidate",1,Memo From Taipei: Presidential Race in Taiwan Reflects Women’s Rise in Politics
"Fearing Election Losses, Taiwan's Governing Party Drops Its Presidential Candidate",1,Independent Is Elected Taipei Mayor as Taiwan’s Governing Party Falters
"Fearing Election Losses, Taiwan's Governing Party Drops Its Presidential Candidate",1,"Concession Offered, Taiwan Group to End Protest of China Trade Pact"
"After Strong Start in Canada Campaign, New Democrats Appear to Fade",1,"In Unpredictable Canadian Elections, Plurality Is More Important Than Popularity"
